{"cameraMode":{"drawMode":0,"name":"Shaded","section":"Shading Mode"},"sceneLighting":false,"audioPlay":false,"sceneViewState":{"m_AlwaysRefresh":false,"showFog":false,"showSkybox":false,"showFlares":false,"showImageEffects":false,"showParticleSystems":false,"showVisualEffectGraphs":false,"m_FxEnabled":true},"in2DMode":false,"pivot":{"x":0.13392938673496247,"y":0.46405354142189028,"z":0.5998510122299194},"rotation":{"x":0.08334928750991821,"y":0.8724375367164612,"z":-0.1601121425628662,"w":0.45419952273368838},"size":0.1465662568807602,"orthographic":false}