{"cameraMode":{"drawMode":0,"name":"Shaded","section":"Shading Mode"},"sceneLighting":false,"audioPlay":false,"sceneViewState":{"m_AlwaysRefresh":false,"showFog":false,"showSkybox":false,"showFlares":false,"showImageEffects":false,"showParticleSystems":false,"showVisualEffectGraphs":false,"m_FxEnabled":true},"in2DMode":false,"pivot":{"x":0.09257286787033081,"y":0.009299159049987793,"z":0.2170565128326416},"rotation":{"x":0.087759830057621,"y":0.487000048160553,"z":-0.04925953224301338,"w":0.8675898909568787},"size":0.8534901738166809,"orthographic":false}