{"cameraMode":{"drawMode":0,"name":"Shaded","section":"Shading Mode"},"sceneLighting":false,"audioPlay":false,"sceneViewState":{"m_AlwaysRefresh":false,"showFog":false,"showSkybox":false,"showFlares":false,"showImageEffects":false,"showParticleSystems":false,"showVisualEffectGraphs":false,"m_FxEnabled":true},"in2DMode":false,"pivot":{"x":0.09257286787033081,"y":0.009299159049987793,"z":0.2170565128326416},"rotation":{"x":0.09718909114599228,"y":0.795968770980835,"z":-0.13279251754283906,"w":0.5825495719909668},"size":0.8534901738166809,"orthographic":false}