{"cameraMode":{"drawMode":0,"name":"Shaded","section":"Shading Mode"},"sceneLighting":false,"audioPlay":false,"sceneViewState":{"m_AlwaysRefresh":false,"showFog":false,"showSkybox":false,"showFlares":false,"showImageEffects":false,"showParticleSystems":false,"showVisualEffectGraphs":false,"m_FxEnabled":true},"in2DMode":false,"pivot":{"x":0.060648441314697269,"y":-0.003817230463027954,"z":0.11868630349636078},"rotation":{"x":0.13254041969776154,"y":0.7711508274078369,"z":-0.170672208070755,"w":0.598864734172821},"size":2.9974255561828615,"orthographic":false}