{"cameraMode":{"drawMode":0,"name":"Shaded","section":"Shading Mode"},"sceneLighting":true,"audioPlay":false,"sceneViewState":{"m_AlwaysRefresh":false,"showFog":false,"showSkybox":false,"showFlares":false,"showImageEffects":false,"showParticleSystems":false,"showVisualEffectGraphs":false,"m_FxEnabled":true},"in2DMode":false,"pivot":{"x":593.1964721679688,"y":326.3322448730469,"z":38.461761474609378},"rotation":{"x":-0.050976477563381198,"y":0.0119832968339324,"z":0.0006231656880117953,"w":0.9986568689346314},"size":342.11700439453127,"orthographic":true}