{"cameraMode":{"drawMode":0,"name":"Shaded","section":"Shading Mode"},"sceneLighting":true,"audioPlay":false,"sceneViewState":{"m_AlwaysRefresh":false,"showFog":false,"showSkybox":false,"showFlares":false,"showImageEffects":false,"showParticleSystems":false,"showVisualEffectGraphs":false,"m_FxEnabled":true},"in2DMode":false,"pivot":{"x":-16.11173439025879,"y":2.3561606407165529,"z":57.143653869628909},"rotation":{"x":0.22266264259815217,"y":-0.03742315247654915,"z":0.008660628460347653,"w":0.9741774797439575},"size":2.5237600803375246,"orthographic":false}