{"cameraMode":{"drawMode":0,"name":"Shaded","section":"Shading Mode"},"sceneLighting":true,"audioPlay":false,"sceneViewState":{"m_AlwaysRefresh":false,"showFog":false,"showSkybox":false,"showFlares":false,"showImageEffects":false,"showParticleSystems":false,"showVisualEffectGraphs":false,"m_FxEnabled":true},"in2DMode":false,"pivot":{"x":-10.128039360046387,"y":7.683793544769287,"z":27.571243286132814},"rotation":{"x":0.23597101867198945,"y":0.0005869541200809181,"z":-0.00004382723636808805,"w":0.9717971086502075},"size":26.86715316772461,"orthographic":false}