{"cameraMode":{"drawMode":0,"name":"Shaded","section":"Shading Mode"},"sceneLighting":false,"audioPlay":false,"sceneViewState":{"m_AlwaysRefresh":false,"showFog":false,"showSkybox":false,"showFlares":false,"showImageEffects":false,"showParticleSystems":false,"showVisualEffectGraphs":false,"m_FxEnabled":true},"in2DMode":false,"pivot":{"x":3.5290067195892336,"y":5.411175727844238,"z":3.059366226196289},"rotation":{"x":-0.001520722173154354,"y":0.9845499396324158,"z":-0.17489895224571229,"w":-0.008565264753997326},"size":1.2207093238830567,"orthographic":false}